{
  "arknine-cms\\public\\uploads\\DD_invoice_feb_26_64ecb9b7b5.pdf": 1775803230.074058,
  "arknine-cms\\public\\uploads\\Folder_Design_cce5bf53a3.pdf": 1775738412.7420526,
  "arknine-cms\\public\\uploads\\Warehouse_Label_4x6_a2b92771f5.pdf": 1775805756.7038405,
  "arknine-cms\\favicon.png": 1775648337.1038365,
  "arknine-cms\\public\\uploads\\1234567_535fd0b896.png": 1775734902.7120507,
  "arknine-cms\\public\\uploads\\8cbe2db8_c632_418d_b401_a4a0a0d635a3_ac546fcfa7.png": 1775734906.2308998,
  "arknine-cms\\public\\uploads\\Cargo_ship_sailing_into_the_horizon_8daebea97b.png": 1775734910.1390693,
  "arknine-cms\\public\\uploads\\Dhrati_pp_7aa2344b8d.png": 1775718258.3126664,
  "arknine-cms\\public\\uploads\\Heet_pp_a701bfd7e1.png": 1775718258.2652328,
  "arknine-cms\\public\\uploads\\image2_6017743d39.jpg": 1775733400.1233141,
  "arknine-cms\\public\\uploads\\image3_f1a07476a1.jpg": 1775733684.4976006,
  "arknine-cms\\public\\uploads\\large_8cbe2db8_c632_418d_b401_a4a0a0d635a3_ac546fcfa7.png": 1775734906.7242215,
  "arknine-cms\\public\\uploads\\large_Cargo_ship_sailing_into_the_horizon_8daebea97b.png": 1775734910.4136372,
  "arknine-cms\\public\\uploads\\large_Sunset_over_Mumbai_skyline_c464a46b74.png": 1775734908.9988487,
  "arknine-cms\\public\\uploads\\medium_8cbe2db8_c632_418d_b401_a4a0a0d635a3_ac546fcfa7.png": 1775734906.6399903,
  "arknine-cms\\public\\uploads\\medium_Cargo_ship_sailing_into_the_horizon_8daebea97b.png": 1775734910.32014,
  "arknine-cms\\public\\uploads\\medium_Sunset_over_Mumbai_skyline_c464a46b74.png": 1775734908.850975,
  "arknine-cms\\public\\uploads\\medium_vikass_pp_10515d420c.png": 1775718257.9999132,
  "arknine-cms\\public\\uploads\\small_1234567_535fd0b896.png": 1775734902.8558705,
  "arknine-cms\\public\\uploads\\small_8cbe2db8_c632_418d_b401_a4a0a0d635a3_ac546fcfa7.png": 1775734906.5932314,
  "arknine-cms\\public\\uploads\\small_Cargo_ship_sailing_into_the_horizon_8daebea97b.png": 1775734910.2537599,
  "arknine-cms\\public\\uploads\\small_Dhrati_pp_7aa2344b8d.png": 1775718258.5029933,
  "arknine-cms\\public\\uploads\\small_Heet_pp_a701bfd7e1.png": 1775718258.5404017,
  "arknine-cms\\public\\uploads\\small_Sunset_over_Mumbai_skyline_c464a46b74.png": 1775734908.506772,
  "arknine-cms\\public\\uploads\\small_vikass_pp_10515d420c.png": 1775718257.9561448,
  "arknine-cms\\public\\uploads\\Sunset_over_Mumbai_skyline_c464a46b74.png": 1775734908.187639,
  "arknine-cms\\public\\uploads\\thumbnail_1234567_535fd0b896.png": 1775734902.725154,
  "arknine-cms\\public\\uploads\\thumbnail_8cbe2db8_c632_418d_b401_a4a0a0d635a3_ac546fcfa7.png": 1775734906.2854915,
  "arknine-cms\\public\\uploads\\thumbnail_Cargo_ship_sailing_into_the_horizon_8daebea97b.png": 1775734910.0447917,
  "arknine-cms\\public\\uploads\\thumbnail_Dhrati_pp_7aa2344b8d.png": 1775718258.3629234,
  "arknine-cms\\public\\uploads\\thumbnail_Heet_pp_a701bfd7e1.png": 1775718258.3299737,
  "arknine-cms\\public\\uploads\\thumbnail_image2_6017743d39.jpg": 1775733400.220824,
  "arknine-cms\\public\\uploads\\thumbnail_image3_f1a07476a1.jpg": 1775733684.5406387,
  "arknine-cms\\public\\uploads\\thumbnail_Sunset_over_Mumbai_skyline_c464a46b74.png": 1775734908.2398987,
  "arknine-cms\\public\\uploads\\thumbnail_vikass_pp_10515d420c.png": 1775718257.8235087,
  "arknine-cms\\public\\uploads\\vikass_pp_10515d420c.png": 1775718257.7660885,
  "arknine-cms\\license.txt": 1775649137.2468438,
  "arknine-cms\\README.md": 1775648336.8163323,
  "arknine-cms\\public\\robots.txt": 1775648337.5508907,
  "src\\app\\layout.tsx": 1776076308.1414213,
  "src\\app\\page.tsx": 1776076985.5890412,
  "src\\app\\about\\page.tsx": 1776077722.36212,
  "src\\app\\about\\team\\[slug]\\page.tsx": 1776071850.5131593,
  "src\\app\\api\\newsletter-subscribe\\route.ts": 1776071850.5167017,
  "src\\app\\contact\\page.tsx": 1776080194.23357,
  "src\\app\\gallery\\blogs\\page.tsx": 1776083155.6680863,
  "src\\app\\gallery\\blogs\\[slug]\\page.tsx": 1776081443.6319191,
  "src\\app\\impact\\page.tsx": 1776071850.5290437,
  "src\\app\\investor-relations\\page.tsx": 1776082336.095728,
  "src\\app\\investor-relations\\announcements\\page.tsx": 1776071850.531989,
  "src\\app\\investor-relations\\governance\\page.tsx": 1776071850.5329993,
  "src\\app\\investor-relations\\policies\\page.tsx": 1776071850.5360107,
  "src\\app\\investor-relations\\results\\page.tsx": 1776083284.5469978,
  "src\\components\\layout\\Footer.tsx": 1776071850.542654,
  "src\\components\\layout\\Header.tsx": 1776071850.5436697,
  "src\\components\\layout\\index.ts": 1776071850.5456638,
  "src\\components\\layout\\IRSubNav.tsx": 1776071850.5446792,
  "src\\components\\sections\\AddressCard.tsx": 1776071850.5481632,
  "src\\components\\sections\\BlogArticleImage.tsx": 1776071850.5491896,
  "src\\components\\sections\\BlogHeroGradient.tsx": 1776071850.5511622,
  "src\\components\\sections\\BlogListing.tsx": 1776080807.265643,
  "src\\components\\sections\\BrandCard.tsx": 1776071850.5531783,
  "src\\components\\sections\\BrandsAccordion.tsx": 1776071850.5541744,
  "src\\components\\sections\\ClientLogo.tsx": 1776071850.5551727,
  "src\\components\\sections\\ClientMarquee.tsx": 1776071850.556263,
  "src\\components\\sections\\ContactForm.tsx": 1776078898.2178397,
  "src\\components\\sections\\HeroGradient.tsx": 1776071850.5582843,
  "src\\components\\sections\\HeroImpact.tsx": 1776071850.560517,
  "src\\components\\sections\\HeroVideo.tsx": 1776071850.5615668,
  "src\\components\\sections\\HorizontalScrollServices.tsx": 1776077484.5117557,
  "src\\components\\sections\\index.ts": 1776071850.5768027,
  "src\\components\\sections\\IndiaMap.tsx": 1776080502.6261547,
  "src\\components\\sections\\MapEmbed.tsx": 1776071850.5635684,
  "src\\components\\sections\\MetricRow.tsx": 1776071850.5648584,
  "src\\components\\sections\\NewsletterInline.tsx": 1776071850.565866,
  "src\\components\\sections\\NewsletterSection.tsx": 1776071850.5671966,
  "src\\components\\sections\\PageHero.tsx": 1776071850.568188,
  "src\\components\\sections\\ScrollExpandHero.tsx": 1776071850.5691903,
  "src\\components\\sections\\ServiceCard.tsx": 1776071850.5703375,
  "src\\components\\sections\\ShareButton.tsx": 1776081418.5584295,
  "src\\components\\sections\\StatCard.tsx": 1776071850.5713375,
  "src\\components\\sections\\TeamPortraitGrid.tsx": 1776078437.5737467,
  "src\\components\\sections\\Testimonial.tsx": 1776071850.5733564,
  "src\\components\\sections\\TypingHeadline.tsx": 1776071850.575658,
  "src\\components\\sections\\ir\\AnnouncementRow.tsx": 1776071850.5788,
  "src\\components\\sections\\ir\\BoardMember.tsx": 1776071850.581004,
  "src\\components\\sections\\ir\\CommitteeTable.tsx": 1776071850.5823987,
  "src\\components\\sections\\ir\\DocumentList.tsx": 1776071850.5843582,
  "src\\components\\sections\\ir\\DocumentTimeline.tsx": 1776071850.5853665,
  "src\\components\\sections\\ir\\FeaturedResult.tsx": 1776071850.5873606,
  "src\\components\\sections\\ir\\GovernanceTabs.tsx": 1776071850.588357,
  "src\\components\\sections\\ir\\IRInfoCard.tsx": 1776071850.5893586,
  "src\\components\\sections\\ir\\PolicyCard.tsx": 1776071850.5904596,
  "src\\components\\sections\\ir\\PolicyGrid.tsx": 1776071850.5924754,
  "src\\components\\sections\\ir\\ResultsPeriodList.tsx": 1776071850.5934525,
  "src\\components\\shared\\Container.tsx": 1776071850.5955198,
  "src\\components\\shared\\DarkHero.tsx": 1776071850.5966737,
  "src\\components\\shared\\EmptyState.tsx": 1776071850.5979233,
  "src\\components\\shared\\index.ts": 1776071850.601933,
  "src\\components\\shared\\RevealOnScroll.tsx": 1776071850.5999224,
  "src\\components\\shared\\TabBar.tsx": 1776071850.600953,
  "src\\components\\ui\\accordion.tsx": 1776071850.6258304,
  "src\\components\\ui\\Alert.tsx": 1776071850.6039226,
  "src\\components\\ui\\Avatar.tsx": 1776071850.6049318,
  "src\\components\\ui\\Badge.tsx": 1776071850.6069357,
  "src\\components\\ui\\Button.tsx": 1776071850.6079206,